formula,numberOfSpecies,fracActinoid,fracAlkali,fracAlkaline,fracChalcogen,fracHalogen,fracLanthanoid,fracMetalloid,fracNobleGas,fracRareEarth,fracTransitionMetal,electronsPerAtom,electronegativityRange,electronegativityStd,radiiRange,radiiStd,rowRange,rowStd,avgCoordination
Er4 Ge8 Ir4,3,0.0,0.0,0.0,0.0,0.0,0.25,0.5,0.0,0.25,0.25,-0.5,0.96,0.3691,0.5,0.2062,4.0,1.6583,11.5
Er1 In3,2,0.0,0.0,0.0,0.0,0.0,0.25,0.0,0.0,0.25,0.0,3.0,0.54,0.2338,0.2,0.0866,3.0,1.299,12.0
Co4 Er4 Sn4,3,0.0,0.0,0.0,0.0,0.0,0.3333,0.0,0.0,0.3333,0.3333,0.3333,0.72,0.3222,0.4,0.17,4.0,1.6997,10.0
Co34 Er4,2,0.0,0.0,0.0,0.0,0.0,0.1053,0.0,0.0,0.1053,0.8947,2.1053,0.64,0.1964,0.4,0.1228,4.0,1.2276,15.0
Cu3 Er3 In3,3,0.0,0.0,0.0,0.0,0.0,0.3333,0.0,0.0,0.3333,0.3333,2.6667,0.66,0.2871,0.4,0.1633,4.0,1.6997,9.0
B2 C1 Er1 Ni2,4,0.0,0.0,0.0,0.0,0.0,0.1667,0.3333,0.0,0.1667,0.3333,1.5,1.31,0.3837,1.05,0.3702,6.0,2.1344,8.0
Er1 Ga3,2,0.0,0.0,0.0,0.0,0.0,0.25,0.0,0.0,0.25,0.0,3.0,0.57,0.2468,0.45,0.1949,4.0,1.7321,12.0
Er1 Ni2 P2,3,0.0,0.0,0.0,0.0,0.0,0.2,0.0,0.0,0.2,0.4,0.2,0.95,0.3474,0.75,0.2782,5.0,1.8547,15.0
Er1 Hg2,2,0.0,0.0,0.0,0.0,0.0,0.3333,0.0,0.0,0.3333,0.6667,1.6667,0.76,0.3583,0.25,0.1179,2.0,0.9428,14.0
Er2 Ni2 Si4,3,0.0,0.0,0.0,0.0,0.0,0.25,0.5,0.0,0.25,0.25,-0.75,0.67,0.2873,0.65,0.2658,5.0,2.0616,12.0
Er8 Sb6,2,0.0,0.0,0.0,0.0,0.0,0.5714,0.4286,0.0,0.5714,0.0,0.4286,0.81,0.4008,0.3,0.1485,3.0,1.4846,7.0
Er1 Ni2 Si2,3,0.0,0.0,0.0,0.0,0.0,0.2,0.4,0.0,0.2,0.4,-0.2,0.67,0.266,0.65,0.2379,5.0,1.8547,16.0
Cd6 Er2,2,0.0,0.0,0.0,0.0,0.0,0.25,0.0,0.0,0.25,0.75,2.25,0.45,0.1949,0.2,0.0866,3.0,1.299,11.0
Er6 K18 O42 Si12,4,0.0,0.2308,0.0,0.5385,0.0,0.0769,0.1538,0.0,0.0769,0.0,-1.2308,2.62,1.14,1.6,0.6672,6.0,1.639,6.0
Er1,1,0.0,0.0,0.0,0.0,0.0,1.0,0.0,0.0,1.0,0.0,3.0,0.0,0.0,0.0,0.0,0.0,0.0,10.0
Er2 F2 S2,3,0.0,0.0,0.0,0.0,0.3333,0.3333,0.0,0.0,0.3333,0.0,0.0,2.74,1.1187,1.25,0.5137,6.0,2.6247,8.0
Er4 F28 Pt4,3,0.0,0.0,0.0,0.0,0.7778,0.1111,0.0,0.0,0.1111,0.1111,-0.2222,2.74,0.9549,1.25,0.4466,6.0,2.1315,7.0
B4 C4 Er2,3,0.0,0.0,0.0,0.0,0.0,0.2,0.4,0.0,0.2,0.0,0.2,1.31,0.4797,1.05,0.3957,6.0,2.4,14.0
Ag3 Er3 Sn3,3,0.0,0.0,0.0,0.0,0.0,0.3333,0.0,0.0,0.3333,0.3333,0.0,0.72,0.3326,0.3,0.1225,3.0,1.4142,10.0
Er1 Pt2 Si2,3,0.0,0.0,0.0,0.0,0.0,0.2,0.4,0.0,0.2,0.4,-0.2,1.04,0.3801,0.65,0.2379,5.0,1.9391,16.0
Er2 Sn4,2,0.0,0.0,0.0,0.0,0.0,0.3333,0.0,0.0,0.3333,0.0,-1.6667,0.72,0.3394,0.3,0.1414,3.0,1.4142,9.0
B6 Er2 Mo2,3,0.0,0.0,0.0,0.0,0.0,0.2,0.6,0.0,0.2,0.2,3.2,0.92,0.3352,0.9,0.3795,6.0,2.4,11.0
Er4 O14 Ru4,3,0.0,0.0,0.0,0.6364,0.0,0.1818,0.0,0.0,0.1818,0.1818,-0.1818,2.2,0.8766,1.15,0.4652,6.0,2.3461,6.0
Er1 Pt1 Sb1,3,0.0,0.0,0.0,0.0,0.0,0.3333,0.3333,0.0,0.3333,0.3333,0.6667,1.04,0.446,0.4,0.17,3.0,1.2472,8.0
Er1 K1 O2,3,0.0,0.25,0.0,0.5,0.0,0.25,0.0,0.0,0.25,0.0,0.0,2.62,1.2141,1.6,0.7057,6.0,2.4495,6.0
Er1 Hg1,2,0.0,0.0,0.0,0.0,0.0,0.5,0.0,0.0,0.5,0.5,2.0,0.76,0.38,0.25,0.125,2.0,1.0,10.0
Er2 O12 Ru2 Sr4,4,0.0,0.0,0.2,0.6,0.0,0.1,0.0,0.0,0.1,0.1,-0.2,2.49,1.0811,1.4,0.5975,6.0,2.0125,6.0
Cu2 Er1 Si2,3,0.0,0.0,0.0,0.0,0.0,0.2,0.4,0.0,0.2,0.4,-0.2,0.66,0.264,0.65,0.2379,5.0,1.8547,14.0
B2 Er1 Ru3,3,0.0,0.0,0.0,0.0,0.0,0.1667,0.3333,0.0,0.1667,0.5,3.0,0.96,0.3415,0.9,0.3092,6.0,2.0616,12.0
Er8 S12,2,0.0,0.0,0.0,0.0,0.0,0.4,0.0,0.0,0.4,0.0,0.0,1.34,0.6565,0.75,0.3674,5.0,2.4495,6.0
Er1 Tl1,2,0.0,0.0,0.0,0.0,0.0,0.5,0.0,0.0,0.5,0.0,2.0,0.38,0.19,0.15,0.075,2.0,1.0,10.0
Er2 O12 Rh2 Sr6,4,0.0,0.0,0.2727,0.5455,0.0,0.0909,0.0,0.0,0.0909,0.0909,0.0,2.49,1.1331,1.4,0.6312,6.0,1.9667,6.0
Al3 Er1,2,0.0,0.0,0.0,0.0,0.0,0.25,0.0,0.0,0.25,0.0,3.0,0.37,0.1602,0.5,0.2165,5.0,2.1651,12.0
Er2 Tl2,2,0.0,0.0,0.0,0.0,0.0,0.5,0.0,0.0,0.5,0.0,2.0,0.38,0.19,0.15,0.075,2.0,1.0,11.0
Er1 Ni1 Sb1,3,0.0,0.0,0.0,0.0,0.0,0.3333,0.3333,0.0,0.3333,0.3333,0.6667,0.81,0.3535,0.4,0.17,4.0,1.6997,8.0
Er1 Ge2 Ni2,3,0.0,0.0,0.0,0.0,0.0,0.2,0.4,0.0,0.2,0.4,-0.2,0.77,0.2915,0.5,0.1855,4.0,1.6,16.0
Er4 O56 P20,3,0.0,0.0,0.0,0.7,0.0,0.05,0.0,0.0,0.05,0.0,-2.0,2.2,0.6739,1.15,0.2852,6.0,1.3219,7.0
Er16 Se24,2,0.0,0.0,0.0,0.6,0.0,0.4,0.0,0.0,0.4,0.0,0.0,1.31,0.6418,0.6,0.2939,4.0,1.9596,7.0
Au2 Er1 Si2,3,0.0,0.0,0.0,0.0,0.0,0.2,0.4,0.0,0.2,0.4,0.2,1.3,0.4854,0.65,0.2379,5.0,1.9391,15.0
C19 Er10 Ru10,3,0.0,0.0,0.0,0.0,0.0,0.2564,0.0,0.0,0.2564,0.2564,-0.4103,1.31,0.5388,1.05,0.4427,6.0,2.4926,8.6999999999999993
Er1 Se1,2,0.0,0.0,0.0,0.5,0.0,0.5,0.0,0.0,0.5,0.0,0.5,1.31,0.655,0.6,0.3,4.0,2.0,6.0
Er2 K2 O24 P8,4,0.0,0.0556,0.0,0.6667,0.0,0.0556,0.0,0.0,0.0556,0.0,-1.7778,2.62,0.8366,1.6,0.4391,6.0,1.4142,7.0
C2 Co1 Er1,3,0.0,0.0,0.0,0.0,0.0,0.25,0.0,0.0,0.25,0.25,-0.75,1.31,0.5443,1.05,0.4479,6.0,2.4495,10.0
C1 Er3 In1,3,0.0,0.0,0.0,0.0,0.0,0.6,0.0,0.0,0.6,0.0,1.6,1.31,0.5144,1.05,0.4074,6.0,2.4,6.0
Er3 In3 Pt3,3,0.0,0.0,0.0,0.0,0.0,0.3333,0.0,0.0,0.3333,0.3333,2.6667,1.04,0.4247,0.4,0.1633,3.0,1.2472,9.0
Er12 Rh4,2,0.0,0.0,0.0,0.0,0.0,0.75,0.0,0.0,0.75,0.25,3.0,1.04,0.4503,0.4,0.1732,3.0,1.299,7.0
Er1 O2 Rb1,3,0.0,0.25,0.0,0.5,0.0,0.25,0.0,0.0,0.25,0.0,0.0,2.62,1.2141,1.75,0.7554,6.0,2.4875,6.0
Er2 Si2,2,0.0,0.0,0.0,0.0,0.0,0.5,0.5,0.0,0.5,0.0,-0.5,0.66,0.33,0.65,0.325,5.0,2.5,8.0
Cu6 Er4 Rb2 S10,4,0.0,0.0909,0.0,0.0,0.0,0.1818,0.0,0.0,0.1818,0.2727,0.2727,1.76,0.6222,1.35,0.4191,5.0,1.8227,7.0
Er2 Rh6 Si4,3,0.0,0.0,0.0,0.0,0.0,0.1667,0.3333,0.0,0.1667,0.5,0.6667,1.04,0.372,0.65,0.2173,5.0,1.675,13.0
Er1 Te1,2,0.0,0.0,0.0,0.5,0.0,0.5,0.5,0.0,0.5,0.0,0.5,0.86,0.43,0.35,0.175,3.0,1.5,6.0
Ag2 Er1 In1,3,0.0,0.0,0.0,0.0,0.0,0.25,0.0,0.0,0.25,0.5,2.0,0.69,0.2838,0.2,0.075,3.0,1.299,10.0
Ba2 Cu4 Er1 O8,4,0.0,0.0,0.1333,0.5333,0.0,0.0667,0.0,0.0,0.0667,0.2667,-0.0667,2.55,1.0084,1.55,0.57,6.0,1.8571,8.0
B2 Er1 Rh3,3,0.0,0.0,0.0,0.0,0.0,0.1667,0.3333,0.0,0.1667,0.5,3.0,1.04,0.3678,0.9,0.3162,6.0,2.0616,14.0
Ag1 Er1,2,0.0,0.0,0.0,0.0,0.0,0.5,0.0,0.0,0.5,0.5,2.0,0.69,0.345,0.15,0.075,3.0,1.5,10.0
Er4 Mn8 O20,3,0.0,0.0,0.0,0.625,0.0,0.125,0.0,0.0,0.125,0.25,-0.375,2.2,0.9692,1.15,0.4551,6.0,1.9843,7.0
Cl2 Er2 H2,3,0.0,0.0,0.0,0.0,0.3333,0.3333,0.0,0.0,0.3333,0.0,0.3333,1.92,0.7838,1.5,0.6124,7.0,2.9439,6.0
Er4 I12 O36,3,0.0,0.0,0.0,0.6923,0.2308,0.0769,0.0,0.0,0.0769,0.0,-1.3846,2.2,0.6251,1.15,0.4182,6.0,1.8748,6.0
Er5 Mg24,2,0.0,0.0,0.8276,0.0,0.0,0.1724,0.0,0.0,0.1724,0.0,2.1724,0.07,0.0264,0.25,0.0944,5.0,1.8887,12.0
Er4 La4 O12,3,0.0,0.0,0.0,0.6,0.0,0.4,0.0,0.0,0.4,0.2,0.0,2.34,1.1129,1.35,0.6156,6.0,2.9394,6.0
Er4 Ge4 Pt4,3,0.0,0.0,0.0,0.0,0.0,0.3333,0.3333,0.0,0.3333,0.3333,0.3333,1.04,0.4406,0.5,0.216,4.0,1.633,10.0
Er4 Mn4 Si4,3,0.0,0.0,0.0,0.0,0.0,0.3333,0.3333,0.0,0.3333,0.3333,0.3333,0.66,0.2696,0.65,0.2656,5.0,2.1602,10.0
C2 Er1 Ni1,3,0.0,0.0,0.0,0.0,0.0,0.25,0.0,0.0,0.25,0.25,-0.75,1.31,0.542,1.05,0.4479,6.0,2.4495,10.0
B16 Er8 O48 Sr12,4,0.0,0.0,0.1429,0.5714,0.0,0.0952,0.1905,0.0,0.0952,0.0,0.0,2.49,1.0139,1.4,0.5388,6.0,1.9272,6.5
Er8 O16 Se4 Si4,4,0.0,0.0,0.0,0.625,0.0,0.25,0.125,0.0,0.25,0.0,-1.0,2.2,0.9363,1.15,0.4736,6.0,2.4717,7.0
Er1 Pd3,2,0.0,0.0,0.0,0.0,0.0,0.25,0.0,0.0,0.25,0.75,2.25,0.96,0.4157,0.35,0.1516,3.0,1.299,12.0
Er1 S1,2,0.0,0.0,0.0,0.0,0.0,0.5,0.0,0.0,0.5,0.0,0.5,1.34,0.67,0.75,0.375,5.0,2.5,6.0
Cu6 Er4 Rb2 Se10,4,0.0,0.0909,0.0,0.4545,0.0,0.1818,0.0,0.0,0.1818,0.2727,0.2727,1.73,0.6094,1.2,0.3645,4.0,1.5266,7.0
Er2 Rh4,2,0.0,0.0,0.0,0.0,0.0,0.3333,0.0,0.0,0.3333,0.6667,3.0,1.04,0.4903,0.4,0.1886,3.0,1.4142,16.0
Er8 Pt4,2,0.0,0.0,0.0,0.0,0.0,0.6667,0.0,0.0,0.6667,0.3333,2.6667,1.04,0.4903,0.4,0.1886,2.0,0.9428,7.5
Er8 H24 O96 S24,4,0.0,0.0,0.0,0.6316,0.0,0.0526,0.0,0.0,0.0526,0.0,-1.5789,2.2,0.6435,1.5,0.331,7.0,1.4529,7.0
Al1 C1 Er3,3,0.0,0.0,0.0,0.0,0.0,0.6,0.0,0.0,0.6,0.0,1.6,1.31,0.5076,1.05,0.4176,6.0,2.7129,6.0
Er1 Ir2 Si2,3,0.0,0.0,0.0,0.0,0.0,0.2,0.4,0.0,0.2,0.4,0.2,0.96,0.3507,0.65,0.2379,5.0,1.9391,15.0
Ba4 Er8 O20 Zn4,4,0.0,0.0,0.1111,0.5556,0.0,0.2222,0.0,0.0,0.2222,0.1111,-0.0,2.55,1.1005,1.55,0.6017,6.0,2.4944,7.0
Er4 Ni4 O12,3,0.0,0.0,0.0,0.6,0.0,0.2,0.0,0.0,0.2,0.2,-0.2,2.2,0.9379,1.15,0.4823,6.0,2.3324,6.0
Er6 Fe2 Si6,3,0.0,0.0,0.0,0.0,0.0,0.4286,0.4286,0.0,0.4286,0.1429,-0.1429,0.66,0.3188,0.65,0.301,5.0,2.3733,8.6666666666666661
B8 Er2 Rh8,3,0.0,0.0,0.0,0.0,0.0,0.1111,0.4444,0.0,0.1111,0.4444,3.0,1.04,0.3105,0.9,0.3119,6.0,2.0,18.0
Er6 Ge8,2,0.0,0.0,0.0,0.0,0.0,0.4286,0.5714,0.0,0.4286,0.0,-1.0,0.77,0.3811,0.5,0.2474,4.0,1.9795,8.3333333333333339
Er1 Ge6 Mn6,3,0.0,0.0,0.0,0.0,0.0,0.0769,0.4615,0.0,0.0769,0.4615,-0.6923,0.77,0.2637,0.5,0.1342,4.0,1.0659,10.0
Cu2 Er4 K2 Se8,4,0.0,0.125,0.0,0.5,0.0,0.25,0.0,0.0,0.25,0.125,0.125,1.73,0.6821,1.05,0.3729,4.0,1.7321,6.0
Er2 O7 Si2,3,0.0,0.0,0.0,0.6364,0.0,0.1818,0.1818,0.0,0.1818,0.0,-1.4545,2.2,0.9213,1.15,0.4426,6.0,2.26,6.0
B1 Er1 Rh3,3,0.0,0.0,0.0,0.0,0.0,0.2,0.2,0.0,0.2,0.6,3.0,1.04,0.4029,0.9,0.2857,6.0,1.8974,12.0
Er2 Mg1,2,0.0,0.0,0.3333,0.0,0.0,0.6667,0.0,0.0,0.6667,0.0,2.6667,0.07,0.033,0.25,0.1179,5.0,2.357,10.0
B2 Er2 Ni8,3,0.0,0.0,0.0,0.0,0.0,0.1667,0.1667,0.0,0.1667,0.6667,2.3333,0.8,0.2637,0.9,0.2609,6.0,1.7951,15.5
Er2 O8 Ta2,3,0.0,0.0,0.0,0.6667,0.0,0.1667,0.0,0.0,0.1667,0.1667,0.0,2.2,0.9787,1.15,0.4793,6.0,2.4267,7.0
Er20 Si16,2,0.0,0.0,0.0,0.0,0.0,0.5556,0.4444,0.0,0.5556,0.0,-0.1111,0.66,0.328,0.65,0.323,5.0,2.4845,7.4000000000000004
Er7 Ni2 Te2,3,0.0,0.0,0.0,0.1818,0.0,0.6364,0.1818,0.0,0.6364,0.1818,1.9091,0.86,0.3724,0.4,0.181,4.0,1.7104,7.2857142857142856
Al4 Er2 Ni2,3,0.0,0.0,0.0,0.0,0.0,0.25,0.0,0.0,0.25,0.25,2.75,0.67,0.2375,0.5,0.2062,5.0,2.0616,10.0
Er10 Sb6,2,0.0,0.0,0.0,0.0,0.0,0.625,0.375,0.0,0.625,0.0,0.75,0.81,0.3921,0.3,0.1452,3.0,1.4524,8.8000000000000007
Er2 Fe8 Ge4,3,0.0,0.0,0.0,0.0,0.0,0.1429,0.2857,0.0,0.1429,0.5714,0.4286,0.77,0.2406,0.5,0.1545,4.0,1.3997,12.0
Er4 Fe2 Si4,3,0.0,0.0,0.0,0.0,0.0,0.4,0.4,0.0,0.4,0.2,0.0,0.66,0.3129,0.65,0.2909,5.0,2.3152,9.0
Er4 Ge4 Na4 O16,4,0.0,0.1429,0.0,0.5714,0.0,0.1429,0.1429,0.0,0.1429,0.0,-1.1429,2.51,1.0556,1.2,0.5209,6.0,2.0504,5.0
Ba4 Er8 Te16,3,0.0,0.0,0.1429,0.5714,0.0,0.2857,0.5714,0.0,0.2857,0.0,0.0,1.21,0.4952,0.75,0.2692,3.0,1.3093,6.0
Er3 In3 Rh3,3,0.0,0.0,0.0,0.0,0.0,0.3333,0.0,0.0,0.3333,0.3333,3.0,1.04,0.4247,0.4,0.1633,3.0,1.4142,9.0
Er4 Na4 O48 P16,4,0.0,0.0556,0.0,0.6667,0.0,0.0556,0.0,0.0,0.0556,0.0,-1.7778,2.51,0.8217,1.2,0.3753,6.0,1.38,7.0
Er1 In1,2,0.0,0.0,0.0,0.0,0.0,0.5,0.0,0.0,0.5,0.0,3.0,0.54,0.27,0.2,0.1,3.0,1.5,10.0
Er4 Ni34,2,0.0,0.0,0.0,0.0,0.0,0.1053,0.0,0.0,0.1053,0.8947,2.1053,0.67,0.2056,0.4,0.1228,4.0,1.2276,14.0
Al20 Er12 O48,3,0.0,0.0,0.0,0.6,0.0,0.15,0.0,0.0,0.15,0.0,0.0,2.2,0.9711,1.15,0.4379,6.0,2.0803,8.0
Bi2 Er10 Pt4,3,0.0,0.0,0.0,0.0,0.0,0.625,0.0,0.0,0.625,0.25,2.75,1.04,0.4676,0.4,0.1694,2.0,0.9682,8.1999999999999993
Er1 Mn2 Si2,3,0.0,0.0,0.0,0.0,0.0,0.2,0.4,0.0,0.2,0.4,-0.2,0.66,0.2493,0.65,0.2408,5.0,1.8547,13.0
Ag4 Er4 Se8,3,0.0,0.0,0.0,0.5,0.0,0.25,0.0,0.0,0.25,0.25,0.0,1.31,0.5407,0.6,0.2678,4.0,1.6394,6.0
Er16 O28 S12 Si8,4,0.0,0.0,0.0,0.4375,0.0,0.25,0.125,0.0,0.25,0.0,-1.0,2.2,0.9101,1.15,0.4596,6.0,2.4551,6.5
Cd2 Er1,2,0.0,0.0,0.0,0.0,0.0,0.3333,0.0,0.0,0.3333,0.6667,2.3333,0.45,0.2121,0.2,0.0943,3.0,1.4142,14.0
Er2 Zn17,2,0.0,0.0,0.0,0.0,0.0,0.1053,0.0,0.0,0.1053,0.8947,2.1053,0.41,0.1258,0.4,0.1228,4.0,1.2276,13.0
Er16 O24,2,0.0,0.0,0.0,0.6,0.0,0.4,0.0,0.0,0.4,0.0,0.0,2.2,1.0778,1.15,0.5634,6.0,2.9394,6.0
Er1 Ga2,2,0.0,0.0,0.0,0.0,0.0,0.3333,0.0,0.0,0.3333,0.0,3.0,0.57,0.2687,0.45,0.2121,4.0,1.8856,13.0
Er4 O14 Ti4,3,0.0,0.0,0.0,0.6364,0.0,0.1818,0.0,0.0,0.1818,0.1818,0.0,2.2,0.9903,1.15,0.4807,6.0,2.2709,6.0
Cu2 Er2 Ge2,3,0.0,0.0,0.0,0.0,0.0,0.3333,0.3333,0.0,0.3333,0.3333,0.3333,0.77,0.34,0.5,0.216,4.0,1.8856,10.0
Er2 F2 Na2 O8 P2,5,0.0,0.125,0.0,0.5,0.125,0.125,0.0,0.0,0.125,0.0,-1.0,3.05,1.0795,1.3,0.5068,6.0,1.9365,7.0
Bi1 Er1,2,0.0,0.0,0.0,0.0,0.0,0.5,0.0,0.0,0.5,0.0,3.0,0.78,0.39,0.15,0.075,2.0,1.0,6.0
Er1 P2 Ru2,3,0.0,0.0,0.0,0.0,0.0,0.2,0.0,0.0,0.2,0.4,0.6,0.96,0.382,0.75,0.275,5.0,1.833,16.0
Er4 Ge8 Pt4,3,0.0,0.0,0.0,0.0,0.0,0.25,0.5,0.0,0.25,0.25,-0.75,1.04,0.3884,0.5,0.2062,4.0,1.6583,11.5
C1 Er3 Tl1,3,0.0,0.0,0.0,0.0,0.0,0.6,0.0,0.0,0.6,0.0,1.2,1.31,0.5078,1.2,0.4389,6.0,2.3324,6.0
Cd1 Cu4 Er1,3,0.0,0.0,0.0,0.0,0.0,0.1667,0.0,0.0,0.1667,0.8333,2.1667,0.66,0.2427,0.4,0.1528,4.0,1.4625,16.0
Cu5 Er1,2,0.0,0.0,0.0,0.0,0.0,0.1667,0.0,0.0,0.1667,0.8333,2.1667,0.66,0.246,0.4,0.1491,4.0,1.4907,16.0
C4 Er4 Ni13,3,0.0,0.0,0.0,0.0,0.0,0.1905,0.0,0.0,0.1905,0.619,1.0476,1.31,0.4043,1.05,0.3297,6.0,1.9143,10.0
Er6 Ga2 O12,3,0.0,0.0,0.0,0.6,0.0,0.3,0.0,0.0,0.3,0.0,0.0,2.2,1.02,1.15,0.523,6.0,2.6833,6.0
Cl8 Er2 Na2,3,0.0,0.1667,0.0,0.0,0.6667,0.1667,0.0,0.0,0.1667,0.0,0.0,2.23,0.9822,0.8,0.3656,5.0,1.8634,5.0
B2 Er1 Ir3,3,0.0,0.0,0.0,0.0,0.0,0.1667,0.3333,0.0,0.1667,0.5,3.0,0.96,0.3415,0.9,0.3162,6.0,2.2361,14.0
Au3 Er3 In3,3,0.0,0.0,0.0,0.0,0.0,0.3333,0.0,0.0,0.3333,0.3333,3.0,1.3,0.5332,0.4,0.1633,3.0,1.2472,9.0
Er1 O6 Re1 Sr2,4,0.0,0.0,0.2,0.6,0.0,0.1,0.0,0.0,0.1,0.1,-0.1,2.49,1.0958,1.4,0.5997,6.0,2.1071,6.0
Cu2 Er2 Pb2,3,0.0,0.0,0.0,0.0,0.0,0.3333,0.0,0.0,0.3333,0.3333,2.3333,1.09,0.4483,0.45,0.2014,4.0,1.633,9.0
Er4 Rh4 Si4,3,0.0,0.0,0.0,0.0,0.0,0.3333,0.3333,0.0,0.3333,0.3333,0.6667,1.04,0.4297,0.65,0.2677,5.0,2.0548,10.0
Er2 O3,2,0.0,0.0,0.0,0.6,0.0,0.4,0.0,0.0,0.4,0.0,0.0,2.2,1.0778,1.15,0.5634,6.0,2.9394,6.0
Co2 Er2 Si4,3,0.0,0.0,0.0,0.0,0.0,0.25,0.5,0.0,0.25,0.25,-0.75,0.66,0.283,0.65,0.2658,5.0,2.0616,12.0
Cd4 Cu2 Er2,3,0.0,0.0,0.0,0.0,0.0,0.25,0.0,0.0,0.25,0.75,2.25,0.66,0.2409,0.4,0.1414,4.0,1.5,11.0
Au2 Er2,2,0.0,0.0,0.0,0.0,0.0,0.5,0.0,0.0,0.5,0.5,3.0,1.3,0.65,0.4,0.2,2.0,1.0,7.0
Er4 F20 K8,3,0.0,0.25,0.0,0.0,0.625,0.125,0.0,0.0,0.125,0.0,0.0,3.16,1.4671,1.7,0.7616,6.0,1.9843,6.0
Er4 Ge4 Ir4,3,0.0,0.0,0.0,0.0,0.0,0.3333,0.3333,0.0,0.3333,0.3333,0.6667,0.96,0.4151,0.5,0.216,4.0,1.633,11.0
Cu4 Er4 P8,3,0.0,0.0,0.0,0.0,0.0,0.25,0.0,0.0,0.25,0.25,-0.25,0.95,0.388,0.75,0.3092,5.0,2.0616,9.0
Bi1 Er1 Pt1,3,0.0,0.0,0.0,0.0,0.0,0.3333,0.0,0.0,0.3333,0.3333,2.6667,1.04,0.4419,0.4,0.165,2.0,0.9428,8.0
Er4 K4 O32 S8,4,0.0,0.0833,0.0,0.6667,0.0,0.0833,0.0,0.0,0.0833,0.0,-1.3333,2.62,0.8953,1.6,0.5125,6.0,1.675,7.0
C8 Er4 Mn2,3,0.0,0.0,0.0,0.0,0.0,0.2857,0.0,0.0,0.2857,0.1429,-1.1429,1.31,0.6048,1.05,0.4743,6.0,2.6186,6.0
Al8 Er12,2,0.0,0.0,0.0,0.0,0.0,0.6,0.0,0.0,0.6,0.0,3.0,0.37,0.1813,0.5,0.2449,5.0,2.4495,9.6666666666666661
Er6 Se12 Sm2,3,0.0,0.0,0.0,0.6,0.0,0.4,0.0,0.0,0.4,0.0,0.0,1.38,0.6506,0.7,0.3074,4.0,1.9596,6.0
Au2 Er1,2,0.0,0.0,0.0,0.0,0.0,0.3333,0.0,0.0,0.3333,0.6667,3.0,1.3,0.6128,0.4,0.1886,2.0,0.9428,10.0
Ag2 Er2 S4,3,0.0,0.0,0.0,0.0,0.0,0.25,0.0,0.0,0.25,0.25,0.0,1.34,0.5541,0.75,0.3416,5.0,2.0463,6.0
B12 Er4 Ni28,3,0.0,0.0,0.0,0.0,0.0,0.0909,0.2727,0.0,0.0909,0.6364,2.3636,0.8,0.2116,0.9,0.2697,6.0,1.5851,12.0
Er12 F12 Se12,3,0.0,0.0,0.0,0.3333,0.3333,0.3333,0.0,0.0,0.3333,0.0,0.0,2.74,1.119,1.25,0.5104,6.0,2.4944,6.333333333333333
Er10 Ge6,2,0.0,0.0,0.0,0.0,0.0,0.625,0.375,0.0,0.625,0.0,0.375,0.77,0.3728,0.5,0.2421,4.0,1.9365,8.8000000000000007
Er1 Ga4 V2,3,0.0,0.0,0.0,0.0,0.0,0.1429,0.0,0.0,0.1429,0.2857,3.5714,0.57,0.195,0.45,0.1532,4.0,1.3997,9.0
Er4 Mg8,2,0.0,0.0,0.6667,0.0,0.0,0.3333,0.0,0.0,0.3333,0.0,2.3333,0.07,0.033,0.25,0.1179,5.0,2.357,16.0
Er8 Te12,2,0.0,0.0,0.0,0.6,0.0,0.4,0.6,0.0,0.4,0.0,0.0,0.86,0.4213,0.35,0.1715,3.0,1.4697,6.0
Er4 Li4 O8,3,0.0,0.25,0.0,0.5,0.0,0.25,0.0,0.0,0.25,0.0,0.0,2.46,1.1686,1.15,0.5111,6.0,2.5981,6.0
Er2 Na2 O16 S4,4,0.0,0.0833,0.0,0.6667,0.0,0.0833,0.0,0.0,0.0833,0.0,-1.3333,2.51,0.8744,1.2,0.4336,6.0,1.6394,7.0
Er4 In2 Pd4,3,0.0,0.0,0.0,0.0,0.0,0.4,0.0,0.0,0.4,0.4,2.6,0.96,0.43,0.35,0.1568,3.0,1.4697,8.0
Cl24 Er4 K12,3,0.0,0.3,0.0,0.0,0.6,0.1,0.0,0.0,0.1,0.0,0.0,2.34,1.1009,1.2,0.5468,5.0,1.4697,6.0
B2 Ca6 Er6 Ge4 O26,5,0.0,0.0,0.1364,0.5909,0.0,0.1364,0.1364,0.0,0.1364,0.0,-0.7273,2.44,1.0315,1.2,0.5149,6.0,2.049,6.0
Er1 K1 S2,3,0.0,0.25,0.0,0.0,0.0,0.25,0.0,0.0,0.25,0.0,0.0,1.76,0.7891,1.2,0.5128,5.0,2.0616,6.0
Er3 Ni9,2,0.0,0.0,0.0,0.0,0.0,0.25,0.0,0.0,0.25,0.75,2.25,0.67,0.2901,0.4,0.1732,4.0,1.7321,13.0
Ag3 Er3 Pb3,3,0.0,0.0,0.0,0.0,0.0,0.3333,0.0,0.0,0.3333,0.3333,2.0,1.09,0.4502,0.2,0.085,3.0,1.2472,10.0
Ba2 Er1 O6 Ru1,4,0.0,0.0,0.2,0.6,0.0,0.1,0.0,0.0,0.1,0.1,-0.2,2.55,1.0995,1.55,0.6455,6.0,2.1932,6.0
Er2 Ge2 Ti2,3,0.0,0.0,0.0,0.0,0.0,0.3333,0.3333,0.0,0.3333,0.3333,1.0,0.77,0.3169,0.5,0.2095,4.0,1.8856,8.0
Ag3 Er3 Ge3,3,0.0,0.0,0.0,0.0,0.0,0.3333,0.3333,0.0,0.3333,0.3333,0.0,0.77,0.3457,0.5,0.2095,4.0,1.6997,10.0
Er6 F20 K2,3,0.0,0.0714,0.0,0.0,0.7143,0.2143,0.0,0.0,0.2143,0.0,-0.0,3.16,1.2889,1.7,0.6243,6.0,2.4411,7.0
Al1 Er2 Si2,3,0.0,0.0,0.0,0.0,0.0,0.4,0.4,0.0,0.4,0.0,0.2,0.66,0.2956,0.65,0.299,5.0,2.4495,11.0
B1 Er1 Pd3,3,0.0,0.0,0.0,0.0,0.0,0.2,0.2,0.0,0.2,0.6,2.4,0.96,0.3732,0.9,0.2888,6.0,1.8974,12.0
Ba2 Er1 O6 Sb1,4,0.0,0.0,0.2,0.6,0.0,0.1,0.1,0.0,0.1,0.0,-0.8,2.55,1.1057,1.55,0.6518,6.0,2.1932,6.0
Er1 Fe2 Si2,3,0.0,0.0,0.0,0.0,0.0,0.2,0.4,0.0,0.2,0.4,-0.2,0.66,0.252,0.65,0.2408,5.0,1.8547,16.0
Cl6 Er2 O24,3,0.0,0.0,0.0,0.75,0.1875,0.0625,0.0,0.0,0.0625,0.0,-1.5,2.2,0.5302,1.15,0.3018,6.0,1.4564,8.0
Al8 Er1 Fe4,3,0.0,0.0,0.0,0.0,0.0,0.0769,0.0,0.0,0.0769,0.3077,2.6923,0.59,0.1545,0.5,0.1378,5.0,1.3234,13.0
Cr2 Er1 Si2,3,0.0,0.0,0.0,0.0,0.0,0.2,0.4,0.0,0.2,0.4,0.2,0.66,0.2412,0.65,0.2408,5.0,1.8547,12.0
Er1 In1 Pd2,3,0.0,0.0,0.0,0.0,0.0,0.25,0.0,0.0,0.25,0.5,2.5,0.96,0.3943,0.35,0.1436,3.0,1.299,10.0
Er4 Pb2 Pd4,3,0.0,0.0,0.0,0.0,0.0,0.4,0.0,0.0,0.4,0.4,2.4,1.09,0.4938,0.4,0.1806,3.0,1.3565,8.0
Er4 Ge4 In1 Ni2,4,0.0,0.0,0.0,0.0,0.0,0.3636,0.3636,0.0,0.3636,0.1818,0.2727,0.77,0.347,0.5,0.2219,4.0,1.8763,10.0
Co9 Er3,2,0.0,0.0,0.0,0.0,0.0,0.25,0.0,0.0,0.25,0.75,2.25,0.64,0.2771,0.4,0.1732,4.0,1.7321,13.333333333333334
Er1 Li1 Se2,3,0.0,0.25,0.0,0.5,0.0,0.25,0.0,0.0,0.25,0.0,0.0,1.57,0.7258,0.6,0.2487,6.0,2.1794,6.0
Er8 P8 S32,3,0.0,0.0,0.0,0.0,0.0,0.1667,0.0,0.0,0.1667,0.0,-1.3333,1.34,0.4914,0.75,0.2795,5.0,1.8634,7.5
Au2 Er2 Sn2,3,0.0,0.0,0.0,0.0,0.0,0.3333,0.0,0.0,0.3333,0.3333,0.6667,1.3,0.5317,0.4,0.17,3.0,1.2472,9.0
Cs4 Er4 S16 Si4,4,0.0,0.1429,0.0,0.0,0.0,0.1429,0.1429,0.0,0.1429,0.0,-1.1429,1.79,0.6957,1.6,0.5701,5.0,1.8844,7.0
Au1 Er1 Pb1,3,0.0,0.0,0.0,0.0,0.0,0.3333,0.0,0.0,0.3333,0.3333,2.6667,1.3,0.5698,0.45,0.2014,2.0,0.9428,8.0
Er2 O8 Ta2,3,0.0,0.0,0.0,0.6667,0.0,0.1667,0.0,0.0,0.1667,0.1667,0.0,2.2,0.9787,1.15,0.4793,6.0,2.4267,7.0
Er3 Rh3 Sn3,3,0.0,0.0,0.0,0.0,0.0,0.3333,0.0,0.0,0.3333,0.3333,0.6667,1.04,0.4349,0.4,0.17,3.0,1.4142,9.0
C8 Er4 Fe2,3,0.0,0.0,0.0,0.0,0.0,0.2857,0.0,0.0,0.2857,0.1429,-1.1429,1.31,0.5803,1.05,0.4743,6.0,2.6186,6.0
Er3 In3 Pd3,3,0.0,0.0,0.0,0.0,0.0,0.3333,0.0,0.0,0.3333,0.3333,2.6667,0.96,0.3929,0.35,0.1434,3.0,1.4142,9.0
Er6 Ru4,2,0.0,0.0,0.0,0.0,0.0,0.6,0.0,0.0,0.6,0.4,3.0,0.96,0.4703,0.45,0.2205,3.0,1.4697,8.0
Ba3 Er4 O9,3,0.0,0.0,0.1875,0.5625,0.0,0.25,0.0,0.0,0.25,0.0,0.0,2.55,1.1714,1.55,0.6685,6.0,2.6339,5.5
Er8 O4 S8,3,0.0,0.0,0.0,0.2,0.0,0.4,0.0,0.0,0.4,0.0,0.0,2.2,0.8565,1.15,0.4567,6.0,2.6382,5.0
Er2 Ni4,2,0.0,0.0,0.0,0.0,0.0,0.3333,0.0,0.0,0.3333,0.6667,2.3333,0.67,0.3158,0.4,0.1886,4.0,1.8856,16.0
Er6 Ga2 S12,3,0.0,0.0,0.0,0.0,0.0,0.3,0.0,0.0,0.3,0.0,0.0,1.34,0.6071,0.75,0.3357,5.0,2.245,6.333333333333333
Au1 Er1 Sn1,3,0.0,0.0,0.0,0.0,0.0,0.3333,0.0,0.0,0.3333,0.3333,0.6667,1.3,0.5317,0.4,0.17,3.0,1.2472,8.0
Er4 Fe24 Sn24,3,0.0,0.0,0.0,0.0,0.0,0.0769,0.0,0.0,0.0769,0.4615,-0.6923,0.72,0.1854,0.35,0.0899,4.0,1.0491,11.0
Er4 Ge4 Pd8,3,0.0,0.0,0.0,0.0,0.0,0.25,0.25,0.0,0.25,0.5,0.75,0.96,0.3959,0.5,0.1837,4.0,1.5,11.0
Al2 Er1 Ge2,3,0.0,0.0,0.0,0.0,0.0,0.2,0.4,0.0,0.2,0.0,0.2,0.77,0.2898,0.5,0.2,5.0,1.8547,9.0
Er4 O36 P12,3,0.0,0.0,0.0,0.6923,0.0,0.0769,0.0,0.0,0.0769,0.0,-1.8462,2.2,0.7235,1.15,0.3255,6.0,1.5877,6.0
Er2 Ge6,2,0.0,0.0,0.0,0.0,0.0,0.25,0.75,0.0,0.25,0.0,-2.25,0.77,0.3334,0.5,0.2165,4.0,1.7321,9.0
Al14 Au6 Er2,3,0.0,0.0,0.0,0.0,0.0,0.0909,0.0,0.0,0.0909,0.2727,3.0,1.3,0.4471,0.5,0.142,5.0,1.7628,16.0
Er2 Se4,2,0.0,0.0,0.0,0.6667,0.0,0.3333,0.0,0.0,0.3333,0.0,-0.3333,1.31,0.6175,0.6,0.2828,4.0,1.8856,8.0
Ba1 Co1 Er2 O5,4,0.0,0.0,0.1111,0.5556,0.0,0.2222,0.0,0.0,0.2222,0.1111,-0.0,2.55,1.0837,1.55,0.6017,6.0,2.4944,6.0
Bi2 Er6 Mn1,3,0.0,0.0,0.0,0.0,0.0,0.6667,0.0,0.0,0.6667,0.1111,2.8889,0.78,0.3205,0.35,0.1157,4.0,1.3699,8.5
Er1 Pd1,2,0.0,0.0,0.0,0.0,0.0,0.5,0.0,0.0,0.5,0.5,2.5,0.96,0.48,0.35,0.175,3.0,1.5,10.0
Er4 Fe4 O12,3,0.0,0.0,0.0,0.6,0.0,0.2,0.0,0.0,0.2,0.2,-0.2,2.2,0.9517,1.15,0.4903,6.0,2.3324,6.0
Er1 F6 Na1 Rb2,4,0.0,0.3,0.0,0.0,0.6,0.1,0.0,0.0,0.1,0.0,0.0,3.16,1.4871,1.85,0.7868,6.0,1.9519,6.0
As4 Er4 Pd4,3,0.0,0.0,0.0,0.0,0.0,0.3333,0.3333,0.0,0.3333,0.3333,0.6667,0.96,0.4479,0.6,0.2461,4.0,1.6997,9.0
Ag2 Er1,2,0.0,0.0,0.0,0.0,0.0,0.3333,0.0,0.0,0.3333,0.6667,1.6667,0.69,0.3253,0.15,0.0707,3.0,1.4142,11.0
B16 Er4 Ni4,3,0.0,0.0,0.0,0.0,0.0,0.1667,0.6667,0.0,0.1667,0.1667,2.8333,0.8,0.2923,0.9,0.3496,6.0,2.2111,15.0
Cl12 Er2 Na6,3,0.0,0.3,0.0,0.0,0.6,0.1,0.0,0.0,0.1,0.0,0.0,2.23,1.0579,0.8,0.386,5.0,1.5,6.0
Er1 Fe2 Ge2,3,0.0,0.0,0.0,0.0,0.0,0.2,0.4,0.0,0.2,0.4,-0.2,0.77,0.2837,0.5,0.1828,4.0,1.6,14.0
B16 Er4 Rh4,3,0.0,0.0,0.0,0.0,0.0,0.1667,0.6667,0.0,0.1667,0.1667,3.0,1.04,0.328,0.9,0.3496,6.0,2.2913,13.0
Bi12 Er20,2,0.0,0.0,0.0,0.0,0.0,0.625,0.0,0.0,0.625,0.0,3.0,0.78,0.3776,0.15,0.0726,2.0,0.9682,7.7999999999999998
Er2 O2 S1,3,0.0,0.0,0.0,0.4,0.0,0.4,0.0,0.0,0.4,0.0,0.0,2.2,0.9885,1.15,0.519,6.0,2.8,6.0
Er1 Tl3,2,0.0,0.0,0.0,0.0,0.0,0.25,0.0,0.0,0.25,0.0,1.5,0.38,0.1645,0.15,0.065,2.0,0.866,12.0
Cu2 Er2 Si2,3,0.0,0.0,0.0,0.0,0.0,0.3333,0.3333,0.0,0.3333,0.3333,0.3333,0.66,0.3111,0.65,0.2677,5.0,2.1602,13.0
Ba3 Cu2 Er2 O10 Pt1,5,0.0,0.0,0.1667,0.5556,0.0,0.1111,0.0,0.0,0.1111,0.1667,-0.1111,2.55,1.0681,1.55,0.6163,6.0,2.1999,6.0
Co5 Er1,2,0.0,0.0,0.0,0.0,0.0,0.1667,0.0,0.0,0.1667,0.8333,2.1667,0.64,0.2385,0.4,0.1491,4.0,1.4907,13.0
Co2 Er1 Si2,3,0.0,0.0,0.0,0.0,0.0,0.2,0.4,0.0,0.2,0.4,-0.2,0.66,0.2602,0.65,0.2379,5.0,1.8547,15.0
Ag2 Er2 P4 Se12,4,0.0,0.0,0.0,0.6,0.0,0.1,0.0,0.0,0.1,0.1,-1.4,1.31,0.4071,0.75,0.2348,5.0,1.3454,7.0
Er2 O8 V2,3,0.0,0.0,0.0,0.6667,0.0,0.1667,0.0,0.0,0.1667,0.1667,0.0,2.2,0.9518,1.15,0.4625,6.0,2.2111,7.0
Er4 Na4 O8,3,0.0,0.25,0.0,0.5,0.0,0.25,0.0,0.0,0.25,0.0,0.0,2.51,1.1826,1.2,0.5878,6.0,2.4875,6.0
As4 Cu2 Er2,3,0.0,0.0,0.0,0.0,0.0,0.25,0.5,0.0,0.25,0.25,-0.25,0.94,0.384,0.6,0.2449,4.0,1.7321,9.0
B4 Er6 Ni14,3,0.0,0.0,0.0,0.0,0.0,0.25,0.1667,0.0,0.25,0.5833,2.4167,0.8,0.3062,0.9,0.2853,6.0,2.0548,15.666666666666666
C3 Er2 Mo2,3,0.0,0.0,0.0,0.0,0.0,0.2857,0.0,0.0,0.2857,0.2857,0.2857,1.31,0.5458,1.05,0.4596,6.0,2.499,7.0
Er2 Ir4,2,0.0,0.0,0.0,0.0,0.0,0.3333,0.0,0.0,0.3333,0.6667,3.0,0.96,0.4525,0.4,0.1886,2.0,0.9428,16.0
Er2 O2 Se1,3,0.0,0.0,0.0,0.6,0.0,0.4,0.0,0.0,0.4,0.0,0.0,2.2,0.9874,1.15,0.5144,6.0,2.7129,6.0
Co2 Er1 Ge2,3,0.0,0.0,0.0,0.0,0.0,0.2,0.4,0.0,0.2,0.4,-0.2,0.77,0.2879,0.5,0.1855,4.0,1.6,14.0
Be4 Er4 Ge2 O14,4,0.0,0.0,0.1667,0.5833,0.0,0.1667,0.0833,0.0,0.1667,0.0,-0.6667,2.2,0.9612,1.15,0.4318,6.0,2.2298,7.0
Er4 O14 Sn4,3,0.0,0.0,0.0,0.6364,0.0,0.1818,0.0,0.0,0.1818,0.0,-1.4545,2.2,0.9114,1.15,0.4895,6.0,2.3461,6.0
Er1 Li1 S2,3,0.0,0.25,0.0,0.0,0.0,0.25,0.0,0.0,0.25,0.0,0.0,1.6,0.7407,0.75,0.3182,6.0,2.3452,6.0
Er6 F34 Pb8,3,0.0,0.0,0.0,0.0,0.7083,0.125,0.0,0.0,0.125,0.0,-0.0,2.74,1.0054,1.3,0.5813,6.0,2.2715,7.166666666666667
Er1 Fe2 O4,3,0.0,0.0,0.0,0.5714,0.0,0.1429,0.0,0.0,0.1429,0.2857,-0.1429,2.2,0.9124,1.15,0.4663,6.0,2.0603,6.0
C12 Er8,2,0.0,0.0,0.0,0.0,0.0,0.4,0.0,0.0,0.4,0.0,-1.2,1.31,0.6418,1.05,0.5144,6.0,2.9394,8.0
Er1 Rb1 Se2,3,0.0,0.25,0.0,0.5,0.0,0.25,0.0,0.0,0.25,0.0,0.0,1.73,0.7744,1.2,0.4975,4.0,1.6394,6.0
C38 Er30,2,0.0,0.0,0.0,0.0,0.0,0.4412,0.0,0.0,0.4412,0.0,-0.9118,1.31,0.6505,1.05,0.5214,6.0,2.9792,5.5333333333333332
Er2 Na2 P4 S12,4,0.0,0.1,0.0,0.0,0.0,0.1,0.0,0.0,0.1,0.0,-1.4,1.65,0.5832,0.8,0.3102,5.0,1.5,7.0
Cs2 Cu6 Er4 S10,4,0.0,0.0909,0.0,0.0,0.0,0.1818,0.0,0.0,0.1818,0.2727,0.2727,1.79,0.6274,1.6,0.4755,5.0,1.8763,7.0
Er4 O18 Se6,3,0.0,0.0,0.0,0.8571,0.0,0.1429,0.0,0.0,0.1429,0.0,-1.2857,2.2,0.7785,1.15,0.4173,6.0,2.0849,6.5
Er6 Mn6 O18,3,0.0,0.0,0.0,0.6,0.0,0.2,0.0,0.0,0.2,0.2,-0.2,2.2,1.0066,1.15,0.4903,6.0,2.3324,7.0
Cu1 Er2 Ge4 O12,4,0.0,0.0,0.0,0.6316,0.0,0.1053,0.2105,0.0,0.1053,0.0526,-1.6842,2.2,0.8296,1.15,0.4115,6.0,1.8712,6.0
Cu1 Er1,2,0.0,0.0,0.0,0.0,0.0,0.5,0.0,0.0,0.5,0.5,2.5,0.66,0.33,0.4,0.2,4.0,2.0,10.0
Er2,1,0.0,0.0,0.0,0.0,0.0,1.0,0.0,0.0,1.0,0.0,3.0,0.0,0.0,0.0,0.0,0.0,0.0,11.0
Er4 Mn8,2,0.0,0.0,0.0,0.0,0.0,0.3333,0.0,0.0,0.3333,0.6667,2.3333,0.31,0.1461,0.35,0.165,4.0,1.8856,16.0
Er1 Pd1 Sb1,3,0.0,0.0,0.0,0.0,0.0,0.3333,0.3333,0.0,0.3333,0.3333,0.6667,0.96,0.4217,0.35,0.1546,3.0,1.4142,8.0
Al24 Er4 Pt9,3,0.0,0.0,0.0,0.0,0.0,0.1081,0.0,0.0,0.1081,0.2432,2.7568,1.04,0.33,0.5,0.1527,5.0,1.8106,12.0
Er8 O24 W4,3,0.0,0.0,0.0,0.6667,0.0,0.2222,0.0,0.0,0.2222,0.1111,-0.2222,2.2,0.9135,1.15,0.4915,6.0,2.5724,6.0
Er2 Li2 S4,3,0.0,0.25,0.0,0.0,0.0,0.25,0.0,0.0,0.25,0.0,0.0,1.6,0.7407,0.75,0.3182,6.0,2.3452,6.0
C8 Er8 Re4,3,0.0,0.0,0.0,0.0,0.0,0.4,0.0,0.0,0.4,0.2,0.4,1.31,0.5859,1.05,0.4722,6.0,2.7129,6.5
Er12 Ni4 Sn2,3,0.0,0.0,0.0,0.0,0.0,0.6667,0.0,0.0,0.6667,0.2222,2.0,0.72,0.324,0.4,0.175,4.0,1.7498,8.0
B20 Co58 Er6 Si8,4,0.0,0.0,0.0,0.0,0.0,0.0652,0.3043,0.0,0.0652,0.6304,1.7609,0.8,0.1797,0.9,0.2436,6.0,1.3899,14.666666666666666
Er1 Mn12,2,0.0,0.0,0.0,0.0,0.0,0.0769,0.0,0.0,0.0769,0.9231,2.0769,0.31,0.0826,0.35,0.0933,4.0,1.0659,16.0
Er1 Pd2 Si2,3,0.0,0.0,0.0,0.0,0.0,0.2,0.4,0.0,0.2,0.4,-0.2,0.96,0.3507,0.65,0.2408,5.0,1.833,15.0
Er6 Zn23,2,0.0,0.0,0.0,0.0,0.0,0.2069,0.0,0.0,0.2069,0.7931,2.2069,0.41,0.1661,0.4,0.162,4.0,1.6203,13.0
Cr2 Er2 O8,3,0.0,0.0,0.0,0.6667,0.0,0.1667,0.0,0.0,0.1667,0.1667,-0.3333,2.2,0.9459,1.15,0.4706,6.0,2.2111,7.0
Ba4 Co4 Er8 O20,4,0.0,0.0,0.1111,0.5556,0.0,0.2222,0.0,0.0,0.2222,0.1111,-0.0,2.55,1.0837,1.55,0.6017,6.0,2.4944,7.0
Er6 Pd4,2,0.0,0.0,0.0,0.0,0.0,0.6,0.0,0.0,0.6,0.4,2.6,0.96,0.4703,0.35,0.1715,3.0,1.4697,8.3333333333333339
Er1 Ni5,2,0.0,0.0,0.0,0.0,0.0,0.1667,0.0,0.0,0.1667,0.8333,2.1667,0.67,0.2497,0.4,0.1491,4.0,1.4907,13.0
Er1 Pb3,2,0.0,0.0,0.0,0.0,0.0,0.25,0.0,0.0,0.25,0.0,2.25,1.09,0.472,0.05,0.0217,2.0,0.866,12.0
Er16 F56 K8,3,0.0,0.1,0.0,0.0,0.7,0.2,0.0,0.0,0.2,0.0,0.0,3.16,1.3242,1.7,0.652,6.0,2.3749,6.75
Er1 Pt3,2,0.0,0.0,0.0,0.0,0.0,0.25,0.0,0.0,0.25,0.75,2.25,1.04,0.4503,0.4,0.1732,2.0,0.866,12.0
Cd2 Cs2 Er2 Te6,4,0.0,0.1667,0.0,0.5,0.0,0.1667,0.5,0.0,0.1667,0.1667,-0.0,1.31,0.5024,1.2,0.4288,3.0,1.1055,7.0
Ba1 Er2 F8,3,0.0,0.0,0.0909,0.0,0.7273,0.1818,0.0,0.0,0.1818,0.0,0.0,3.09,1.2752,1.65,0.6239,6.0,2.4258,7.0
Er4 F12,2,0.0,0.0,0.0,0.0,0.75,0.25,0.0,0.0,0.25,0.0,0.0,2.74,1.1865,1.25,0.5413,6.0,2.5981,7.0
C2 Er1,2,0.0,0.0,0.0,0.0,0.0,0.3333,0.0,0.0,0.3333,0.0,-1.6667,1.31,0.6175,1.05,0.495,6.0,2.8284,7.0
Al8 Er2 Ni2,3,0.0,0.0,0.0,0.0,0.0,0.1667,0.0,0.0,0.1667,0.1667,2.8333,0.67,0.1941,0.5,0.1826,5.0,1.8257,11.0
Er1 Zn12,2,0.0,0.0,0.0,0.0,0.0,0.0769,0.0,0.0,0.0769,0.9231,2.0769,0.41,0.1093,0.4,0.1066,4.0,1.0659,15.0
B16 Er4 V4,3,0.0,0.0,0.0,0.0,0.0,0.1667,0.6667,0.0,0.1667,0.1667,3.3333,0.8,0.3066,0.9,0.3496,6.0,2.2111,13.0
C1 Cs1 Er6 I12,4,0.0,0.05,0.0,0.0,0.6,0.3,0.0,0.0,0.3,0.0,0.15,1.87,0.7105,1.9,0.3411,6.0,1.6,6.0
Er8 O20 Si4,3,0.0,0.0,0.0,0.625,0.0,0.25,0.125,0.0,0.25,0.0,-1.0,2.2,0.9773,1.15,0.4893,6.0,2.5464,6.5
Er1 Na1 Se2,3,0.0,0.25,0.0,0.5,0.0,0.25,0.0,0.0,0.25,0.0,0.0,1.62,0.7407,0.65,0.313,5.0,1.9203,6.0
B4 Er8 Fe56,3,0.0,0.0,0.0,0.0,0.0,0.1176,0.0588,0.0,0.1176,0.8235,2.1765,0.8,0.2007,0.9,0.1792,6.0,1.4118,15.5
Er2 Pt4 Sn2,3,0.0,0.0,0.0,0.0,0.0,0.25,0.0,0.0,0.25,0.5,0.75,1.04,0.4247,0.4,0.1639,3.0,1.0897,10.0
Co12 Er2 P7,3,0.0,0.0,0.0,0.0,0.0,0.0952,0.0,0.0,0.0952,0.5714,0.4286,0.95,0.2631,0.75,0.2234,5.0,1.3619,14.0
Er2 Mo2 O12 Sr4,4,0.0,0.0,0.2,0.6,0.0,0.1,0.0,0.0,0.1,0.1,-0.1,2.49,1.0827,1.4,0.6051,6.0,2.0125,6.0
Er2 Nb2 O8,3,0.0,0.0,0.0,0.6667,0.0,0.1667,0.0,0.0,0.1667,0.1667,0.0,2.2,0.9579,1.15,0.4793,6.0,2.2913,7.0
Er1 Ru2 Si2,3,0.0,0.0,0.0,0.0,0.0,0.2,0.4,0.0,0.2,0.4,0.2,0.96,0.3507,0.65,0.2375,5.0,1.833,16.0
Er1 H2,2,0.0,0.0,0.0,0.0,0.0,0.3333,0.0,0.0,0.3333,0.0,0.3333,0.96,0.4525,1.5,0.7071,7.0,3.2998,8.0
B2 Er1 Fe2,3,0.0,0.0,0.0,0.0,0.0,0.2,0.4,0.0,0.2,0.4,2.6,0.8,0.2934,0.9,0.3507,6.0,2.1909,16.0
Co4 Er2,2,0.0,0.0,0.0,0.0,0.0,0.3333,0.0,0.0,0.3333,0.6667,2.3333,0.64,0.3017,0.4,0.1886,4.0,1.8856,16.0
Er3 In3 Ni3,3,0.0,0.0,0.0,0.0,0.0,0.3333,0.0,0.0,0.3333,0.3333,2.6667,0.67,0.2901,0.4,0.1633,4.0,1.6997,9.0
B2 Er1,2,0.0,0.0,0.0,0.0,0.0,0.3333,0.6667,0.0,0.3333,0.0,3.0,0.8,0.3771,0.9,0.4243,6.0,2.8284,14.0
Er1 Os2 Si2,3,0.0,0.0,0.0,0.0,0.0,0.2,0.4,0.0,0.2,0.4,0.6,0.96,0.3507,0.65,0.2375,5.0,1.9391,17.0
Er2 S4,2,0.0,0.0,0.0,0.0,0.0,0.3333,0.0,0.0,0.3333,0.0,-0.3333,1.34,0.6317,0.75,0.3536,5.0,2.357,16.0
Al9 Er3 Ni6,3,0.0,0.0,0.0,0.0,0.0,0.1667,0.0,0.0,0.1667,0.3333,2.6667,0.67,0.2266,0.5,0.1772,5.0,1.7717,14.0
Er12 S18,2,0.0,0.0,0.0,0.0,0.0,0.4,0.0,0.0,0.4,0.0,0.0,1.34,0.6565,0.75,0.3674,5.0,2.4495,6.166666666666667
Er3 Ge3 Li3,3,0.0,0.3333,0.0,0.0,0.0,0.3333,0.3333,0.0,0.3333,0.0,0.0,1.03,0.4373,0.5,0.2055,6.0,2.4944,10.0
Er2 Li2 O4,3,0.0,0.25,0.0,0.5,0.0,0.25,0.0,0.0,0.25,0.0,0.0,2.46,1.1686,1.15,0.5111,6.0,2.5981,nan
Er4 Ru6 Si10,3,0.0,0.0,0.0,0.0,0.0,0.2,0.5,0.0,0.2,0.3,-0.5,0.96,0.3352,0.65,0.2458,5.0,1.9079,10.0
C1 Er3 Ga1,3,0.0,0.0,0.0,0.0,0.0,0.6,0.0,0.0,0.6,0.0,1.6,1.31,0.5166,1.05,0.4135,6.0,2.5298,6.0
Er4 O56 P20,3,0.0,0.0,0.0,0.7,0.0,0.05,0.0,0.0,0.05,0.0,-2.0,2.2,0.6739,1.15,0.2852,6.0,1.3219,7.0
B6 Er1,2,0.0,0.0,0.0,0.0,0.0,0.1429,0.8571,0.0,0.1429,0.0,3.0,0.8,0.2799,0.9,0.3149,6.0,2.0996,24.0
Er12 Ga20 O48,3,0.0,0.0,0.0,0.6,0.0,0.15,0.0,0.0,0.15,0.0,0.0,2.2,0.92,1.15,0.4473,6.0,2.1071,8.0
Er1 Rh5,2,0.0,0.0,0.0,0.0,0.0,0.1667,0.0,0.0,0.1667,0.8333,3.0,1.04,0.3876,0.4,0.1491,3.0,1.118,13.0
Cs4 Er12 Se20,3,0.0,0.1111,0.0,0.5556,0.0,0.3333,0.0,0.0,0.3333,0.0,-0.0,1.76,0.7187,1.45,0.4725,4.0,1.8325,6.0
Cu4 Er2 O8,3,0.0,0.0,0.0,0.5714,0.0,0.1429,0.0,0.0,0.1429,0.2857,-0.1429,2.2,0.8945,1.15,0.4542,6.0,2.0603,8.0
Er2 Pt4,2,0.0,0.0,0.0,0.0,0.0,0.3333,0.0,0.0,0.3333,0.6667,2.3333,1.04,0.4903,0.4,0.1886,2.0,0.9428,16.0
C1 Er3 Pb1,3,0.0,0.0,0.0,0.0,0.0,0.6,0.0,0.0,0.6,0.0,1.4,1.31,0.592,1.1,0.4254,6.0,2.3324,6.0
Er1 Na1 O2,3,0.0,0.25,0.0,0.5,0.0,0.25,0.0,0.0,0.25,0.0,0.0,2.51,1.1826,1.2,0.5878,6.0,2.4875,6.0
Cu3 Er1 O8 Pb2 Sr2,5,0.0,0.0,0.125,0.5,0.0,0.0625,0.0,0.0,0.0625,0.1875,0.0625,2.49,0.9531,1.4,0.5694,6.0,1.8666,8.0
Er4 S8 Sr2,3,0.0,0.0,0.1429,0.0,0.0,0.2857,0.0,0.0,0.2857,0.0,0.0,1.63,0.7166,1.0,0.4195,5.0,2.1853,7.0
Er14 Rh6,2,0.0,0.0,0.0,0.0,0.0,0.7,0.0,0.0,0.7,0.3,3.0,1.04,0.4766,0.4,0.1833,3.0,1.3748,7.0
Er2 Si2 Ti2,3,0.0,0.0,0.0,0.0,0.0,0.3333,0.3333,0.0,0.3333,0.3333,1.0,0.66,0.2698,0.65,0.2656,5.0,2.1602,9.0
Er1 Na1 S2,3,0.0,0.25,0.0,0.0,0.0,0.25,0.0,0.0,0.25,0.0,0.0,1.65,0.7555,0.8,0.3879,5.0,2.1651,6.0
Er1 Rh2 Si2,3,0.0,0.0,0.0,0.0,0.0,0.2,0.4,0.0,0.2,0.4,0.2,1.04,0.3801,0.65,0.2379,5.0,1.833,15.0
Er1,1,0.0,0.0,0.0,0.0,0.0,1.0,0.0,0.0,1.0,0.0,3.0,0.0,0.0,0.0,0.0,0.0,0.0,12.0
Er1 P1,2,0.0,0.0,0.0,0.0,0.0,0.5,0.0,0.0,0.5,0.0,0.0,0.95,0.475,0.75,0.375,5.0,2.5,6.0
B14 Cr2 Er6,3,0.0,0.0,0.0,0.0,0.0,0.2727,0.6364,0.0,0.2727,0.0909,3.0,0.8,0.3519,0.9,0.4014,6.0,2.6222,11.0
Er1 Ir1,2,0.0,0.0,0.0,0.0,0.0,0.5,0.0,0.0,0.5,0.5,3.0,0.96,0.48,0.4,0.2,2.0,1.0,10.0
Er10 Si6,2,0.0,0.0,0.0,0.0,0.0,0.625,0.375,0.0,0.625,0.0,0.375,0.66,0.3195,0.65,0.3147,5.0,2.4206,8.8000000000000007
Au8 Er8 Sn4,3,0.0,0.0,0.0,0.0,0.0,0.4,0.0,0.0,0.4,0.4,1.6,1.3,0.5821,0.4,0.1833,3.0,1.2,8.0
Er8 O48 S12,3,0.0,0.0,0.0,0.7059,0.0,0.1176,0.0,0.0,0.1176,0.0,-1.4118,2.2,0.7289,1.15,0.3761,6.0,1.9061,6.0
Er8 Ge8 O28,3,0.0,0.0,0.0,0.6364,0.0,0.1818,0.1818,0.0,0.1818,0.0,-1.4545,2.2,0.9034,1.15,0.4584,6.0,2.2709,6.0
B6 Er2 Ni3,3,0.0,0.0,0.0,0.0,0.0,0.1818,0.5455,0.0,0.1818,0.2727,2.7273,0.8,0.2971,0.9,0.3542,6.0,2.2268,14.0
Er4 Mn4 O14,3,0.0,0.0,0.0,0.6364,0.0,0.1818,0.0,0.0,0.1818,0.1818,-0.3636,2.2,0.9882,1.15,0.4807,6.0,2.2709,6.0
Cs2 Er2 Se6 Zn2,4,0.0,0.1667,0.0,0.5,0.0,0.1667,0.0,0.0,0.1667,0.1667,-0.0,1.76,0.7067,1.45,0.5258,4.0,1.5275,7.0
C2 Co2 Er2,3,0.0,0.0,0.0,0.0,0.0,0.3333,0.0,0.0,0.3333,0.3333,0.3333,1.31,0.5349,1.05,0.4327,6.0,2.4944,7.0
Er2 Fe4,2,0.0,0.0,0.0,0.0,0.0,0.3333,0.0,0.0,0.3333,0.6667,2.3333,0.59,0.2781,0.35,0.165,4.0,1.8856,16.0
Cd2 Er4 S8,3,0.0,0.0,0.0,0.0,0.0,0.2857,0.0,0.0,0.2857,0.1429,0.0,1.34,0.6051,0.75,0.3437,5.0,2.1853,6.0
Er4 Pd8 Si4,3,0.0,0.0,0.0,0.0,0.0,0.25,0.25,0.0,0.25,0.5,0.75,0.96,0.392,0.65,0.2301,5.0,1.7854,11.0
Er2 H6 O6,3,0.0,0.0,0.0,0.4286,0.0,0.1429,0.0,0.0,0.1429,0.0,-0.8571,2.2,0.797,1.5,0.4911,7.0,2.3212,10.0
Er4 Ge4 Rh4,3,0.0,0.0,0.0,0.0,0.0,0.3333,0.3333,0.0,0.3333,0.3333,0.6667,1.04,0.4406,0.5,0.216,4.0,1.6997,10.0
Er3 Pd3 Tl3,3,0.0,0.0,0.0,0.0,0.0,0.3333,0.0,0.0,0.3333,0.3333,2.0,0.96,0.3947,0.5,0.2095,3.0,1.2472,10.0
Er10 Sn6,2,0.0,0.0,0.0,0.0,0.0,0.625,0.0,0.0,0.625,0.0,0.375,0.72,0.3486,0.3,0.1452,3.0,1.4524,8.8000000000000007
Al4 Er6 Ni12,3,0.0,0.0,0.0,0.0,0.0,0.2727,0.0,0.0,0.2727,0.5455,2.4545,0.67,0.2872,0.5,0.1928,5.0,1.9285,12.0
Ag2 Er2 O16 W4,4,0.0,0.0,0.0,0.6667,0.0,0.0833,0.0,0.0,0.0833,0.25,-0.3333,2.2,0.7406,1.15,0.4413,6.0,2.0999,7.0
Cd1 Er1,2,0.0,0.0,0.0,0.0,0.0,0.5,0.0,0.0,0.5,0.5,2.5,0.45,0.225,0.2,0.1,3.0,1.5,10.0
As1 Er1,2,0.0,0.0,0.0,0.0,0.0,0.5,0.5,0.0,0.5,0.0,0.0,0.94,0.47,0.6,0.3,4.0,2.0,6.0
Er1 Pd2 Sn1,3,0.0,0.0,0.0,0.0,0.0,0.25,0.0,0.0,0.25,0.5,0.75,0.96,0.3934,0.35,0.1458,3.0,1.299,10.0
Er1 N1,2,0.0,0.0,0.0,0.0,0.0,0.5,0.0,0.0,0.5,0.0,0.0,1.8,0.9,1.1,0.55,6.0,3.0,6.0
C1 Er2 N2 O2,4,0.0,0.0,0.0,0.2857,0.0,0.2857,0.0,0.0,0.2857,0.0,-1.1429,2.2,0.8859,1.15,0.5024,6.0,2.7105,6.0
Er4 O12 V4,3,0.0,0.0,0.0,0.6,0.0,0.2,0.0,0.0,0.2,0.2,0.4,2.2,0.99,1.15,0.4823,6.0,2.3324,6.0
Au2 Er2 Ge2,3,0.0,0.0,0.0,0.0,0.0,0.3333,0.3333,0.0,0.3333,0.3333,0.6667,1.3,0.5337,0.5,0.216,4.0,1.633,8.0
Br12 Er2 Li6,3,0.0,0.3,0.0,0.0,0.6,0.1,0.0,0.0,0.1,0.0,0.0,1.98,0.9409,0.6,0.2012,6.0,1.6613,6.0
Cu4 Er4 S8,3,0.0,0.0,0.0,0.0,0.0,0.25,0.0,0.0,0.25,0.25,0.25,1.34,0.5563,0.75,0.3092,5.0,2.0616,6.0
Er2 Ni20 Si4,3,0.0,0.0,0.0,0.0,0.0,0.0769,0.1538,0.0,0.0769,0.7692,1.1538,0.67,0.1781,0.65,0.1479,5.0,1.1666,15.0
Er4 Ge4 Ru4,3,0.0,0.0,0.0,0.0,0.0,0.3333,0.3333,0.0,0.3333,0.3333,0.6667,0.96,0.4151,0.5,0.2248,4.0,1.6997,10.0
Er6 S12 Sm2,3,0.0,0.0,0.0,0.0,0.0,0.4,0.0,0.0,0.4,0.0,0.0,1.41,0.6653,0.85,0.3807,5.0,2.4495,5.666666666666667
Er2 Sb2 Zr2,3,0.0,0.0,0.0,0.0,0.0,0.3333,0.3333,0.0,0.3333,0.3333,1.3333,0.81,0.3625,0.3,0.1247,3.0,1.4142,8.0
Er2 O8 P2,3,0.0,0.0,0.0,0.6667,0.0,0.1667,0.0,0.0,0.1667,0.0,-1.3333,2.2,0.8582,1.15,0.4247,6.0,2.1922,7.0
Al3 Er2 Si2,3,0.0,0.0,0.0,0.0,0.0,0.2857,0.2857,0.0,0.2857,0.0,1.0,0.66,0.2502,0.65,0.2605,5.0,2.2588,9.0
Er4 Ge4 Ni4,3,0.0,0.0,0.0,0.0,0.0,0.3333,0.3333,0.0,0.3333,0.3333,0.3333,0.77,0.3419,0.5,0.216,4.0,1.8856,11.0
Er8 Se12,2,0.0,0.0,0.0,0.6,0.0,0.4,0.0,0.0,0.4,0.0,0.0,1.31,0.6418,0.6,0.2939,4.0,1.9596,6.0
Ba1 Er2 Ni1 O5,4,0.0,0.0,0.1111,0.5556,0.0,0.2222,0.0,0.0,0.2222,0.1111,-0.0,2.55,1.0818,1.55,0.6017,6.0,2.4944,6.0
Cr8 Er16 S32,3,0.0,0.0,0.0,0.0,0.0,0.2857,0.0,0.0,0.2857,0.1429,0.1429,1.34,0.6078,0.75,0.3315,5.0,2.1946,6.5
Ba2 Er1 Nb1 O6,4,0.0,0.0,0.2,0.6,0.0,0.1,0.0,0.0,0.1,0.1,0.0,2.55,1.1348,1.55,0.6518,6.0,2.1932,6.0
Er6 Rh30 Si18,3,0.0,0.0,0.0,0.0,0.0,0.1111,0.3333,0.0,0.1111,0.5556,0.6667,1.04,0.3311,0.65,0.1926,5.0,1.4907,14.0
Er3 In1 N1,3,0.0,0.0,0.0,0.0,0.0,0.6,0.0,0.0,0.6,0.0,1.8,1.8,0.6981,1.1,0.4271,6.0,2.4,6.0
B16 Er4,2,0.0,0.0,0.0,0.0,0.0,0.2,0.8,0.0,0.2,0.0,3.0,0.8,0.32,0.9,0.36,6.0,2.4,17.0
Er4 Mn4 O12,3,0.0,0.0,0.0,0.6,0.0,0.2,0.0,0.0,0.2,0.2,-0.2,2.2,1.0066,1.15,0.4903,6.0,2.3324,6.0
Au2 Er1 In1,3,0.0,0.0,0.0,0.0,0.0,0.25,0.0,0.0,0.25,0.5,3.0,1.3,0.5492,0.4,0.1658,3.0,1.0897,10.0
Al3 Er3 Ge2 Ni1,4,0.0,0.0,0.0,0.0,0.0,0.3333,0.2222,0.0,0.3333,0.1111,1.3333,0.77,0.302,0.5,0.2299,5.0,2.1602,10.0
Cl2 Er2 S2,3,0.0,0.0,0.0,0.0,0.3333,0.3333,0.0,0.0,0.3333,0.0,0.0,1.92,0.804,0.75,0.3536,5.0,2.357,6.0
Cu2 Er1 In1,3,0.0,0.0,0.0,0.0,0.0,0.25,0.0,0.0,0.25,0.5,2.5,0.66,0.2729,0.4,0.1658,4.0,1.6394,10.0
Er1 Ga4 Ti2,3,0.0,0.0,0.0,0.0,0.0,0.1429,0.0,0.0,0.1429,0.2857,3.2857,0.57,0.2052,0.45,0.1522,4.0,1.3997,9.0
Er1 Nd5 S8,3,0.0,0.0,0.0,0.0,0.0,0.4286,0.0,0.0,0.4286,0.0,0.1429,1.44,0.7048,0.85,0.4131,5.0,2.4744,7.0
Ag2 Er2 Se4,3,0.0,0.0,0.0,0.5,0.0,0.25,0.0,0.0,0.25,0.25,0.0,1.31,0.5407,0.6,0.2678,4.0,1.6394,6.0
Er1 Si2,2,0.0,0.0,0.0,0.0,0.0,0.3333,0.6667,0.0,0.3333,0.0,-1.6667,0.66,0.3111,0.65,0.3064,5.0,2.357,13.0
Co14 Er24,2,0.0,0.0,0.0,0.0,0.0,0.6316,0.0,0.0,0.6316,0.3684,2.6316,0.64,0.3087,0.4,0.193,4.0,1.9295,8.0
Cu2 Er1 Ge2,3,0.0,0.0,0.0,0.0,0.0,0.2,0.4,0.0,0.2,0.4,-0.2,0.77,0.2902,0.5,0.1855,4.0,1.6,14.0
Er2 O8 V2,3,0.0,0.0,0.0,0.6667,0.0,0.1667,0.0,0.0,0.1667,0.1667,0.0,2.2,0.9518,1.15,0.4625,6.0,2.2111,7.0
Al4 Au1 Er1 Ge2,4,0.0,0.0,0.0,0.0,0.0,0.125,0.25,0.0,0.125,0.125,1.25,1.3,0.3692,0.5,0.1639,5.0,1.7139,8.0
Er1 Zn1,2,0.0,0.0,0.0,0.0,0.0,0.5,0.0,0.0,0.5,0.5,2.5,0.41,0.205,0.4,0.2,4.0,2.0,10.0
Ba2 Cu2 Er2 S6,4,0.0,0.0,0.1667,0.0,0.0,0.1667,0.0,0.0,0.1667,0.1667,0.1667,1.69,0.6856,1.15,0.4404,5.0,1.893,7.0
Er4 Fe34,2,0.0,0.0,0.0,0.0,0.0,0.1053,0.0,0.0,0.1053,0.8947,2.1053,0.59,0.1811,0.35,0.1074,4.0,1.2276,14.5
Er6 O9,2,0.0,0.0,0.0,0.6,0.0,0.4,0.0,0.0,0.4,0.0,0.0,2.2,1.0778,1.15,0.5634,6.0,2.9394,5.666666666666667
Er1 Mg1,2,0.0,0.0,0.5,0.0,0.0,0.5,0.0,0.0,0.5,0.0,2.5,0.07,0.035,0.25,0.125,5.0,2.5,10.0
Cr4 Er4 O12,3,0.0,0.0,0.0,0.6,0.0,0.2,0.0,0.0,0.2,0.2,0.0,2.2,0.9839,1.15,0.4903,6.0,2.3324,6.0
B2 Co3 Er1,3,0.0,0.0,0.0,0.0,0.0,0.1667,0.3333,0.0,0.1667,0.5,2.5,0.8,0.2719,0.9,0.3162,6.0,2.0,17.0
Er1 Sb1,2,0.0,0.0,0.0,0.0,0.0,0.5,0.5,0.0,0.5,0.0,0.0,0.81,0.405,0.3,0.15,3.0,1.5,6.0
Er1 Sn3,2,0.0,0.0,0.0,0.0,0.0,0.25,0.0,0.0,0.25,0.0,-2.25,0.72,0.3118,0.3,0.1299,3.0,1.299,12.0
Al4 Er2,2,0.0,0.0,0.0,0.0,0.0,0.3333,0.0,0.0,0.3333,0.0,3.0,0.37,0.1744,0.5,0.2357,5.0,2.357,16.0
Er1 S2 Tl1,3,0.0,0.0,0.0,0.0,0.0,0.25,0.0,0.0,0.25,0.0,0.0,1.34,0.5905,0.9,0.4159,5.0,2.1213,6.0
B12 Er12 O36,3,0.0,0.0,0.0,0.6,0.0,0.2,0.2,0.0,0.2,0.0,0.0,2.2,0.9174,1.15,0.4456,6.0,2.4,6.833333333333333
Co1 Er1 In5,3,0.0,0.0,0.0,0.0,0.0,0.1429,0.0,0.0,0.1429,0.1429,2.8571,0.64,0.1978,0.4,0.1069,4.0,1.1606,12.0
Er4 Ge10,2,0.0,0.0,0.0,0.0,0.0,0.2857,0.7143,0.0,0.2857,0.0,-2.0,0.77,0.3479,0.5,0.2259,4.0,1.807,8.5
Er6 Fe23,2,0.0,0.0,0.0,0.0,0.0,0.2069,0.0,0.0,0.2069,0.7931,2.2069,0.59,0.239,0.35,0.1418,4.0,1.6203,14.0
Ba5 Er8 O21 Zn4,4,0.0,0.0,0.1316,0.5526,0.0,0.2105,0.0,0.0,0.2105,0.1053,-0.0,2.55,1.1124,1.55,0.6149,6.0,2.4709,7.0
Er4 In2,2,0.0,0.0,0.0,0.0,0.0,0.6667,0.0,0.0,0.6667,0.0,3.0,0.54,0.2546,0.2,0.0943,3.0,1.4142,9.5
Cl4 Er4 O12 Se4,4,0.0,0.0,0.0,0.6667,0.1667,0.1667,0.0,0.0,0.1667,0.0,-1.0,2.2,0.7977,1.15,0.4183,6.0,2.1409,6.0
Cu8 Er8 O20,3,0.0,0.0,0.0,0.5556,0.0,0.2222,0.0,0.0,0.2222,0.2222,-0.0,2.2,0.9549,1.15,0.4905,6.0,2.3934,5.0
B2 C1 Er1 Rh2,4,0.0,0.0,0.0,0.0,0.0,0.1667,0.3333,0.0,0.1667,0.3333,1.8333,1.31,0.4101,1.05,0.3702,6.0,2.2361,9.0
Br36 C8 Er20,3,0.0,0.0,0.0,0.0,0.5625,0.3125,0.0,0.0,0.3125,0.0,-0.125,1.72,0.7739,1.05,0.3473,6.0,2.1213,5.7999999999999998
C12 Co2 Er2 N12,4,0.0,0.0,0.0,0.0,0.0,0.0714,0.0,0.0,0.0714,0.0714,-2.6429,1.8,0.5028,1.1,0.3162,6.0,1.5908,6.0
Cu4 Er3 Si4,3,0.0,0.0,0.0,0.0,0.0,0.2727,0.3636,0.0,0.2727,0.3636,0.0909,0.66,0.2939,0.65,0.257,5.0,2.049,11.0
B16 Er4 Rh16,3,0.0,0.0,0.0,0.0,0.0,0.1111,0.4444,0.0,0.1111,0.4444,3.0,1.04,0.3105,0.9,0.3119,6.0,2.0,17.0
Er4 Ir4 Si4,3,0.0,0.0,0.0,0.0,0.0,0.3333,0.3333,0.0,0.3333,0.3333,0.6667,0.96,0.401,0.65,0.2677,5.0,2.0548,11.0
Er8 O24 W4,3,0.0,0.0,0.0,0.6667,0.0,0.2222,0.0,0.0,0.2222,0.1111,-0.2222,2.2,0.9135,1.15,0.4915,6.0,2.5724,6.5
Er1 Rh1,2,0.0,0.0,0.0,0.0,0.0,0.5,0.0,0.0,0.5,0.5,3.0,1.04,0.52,0.4,0.2,3.0,1.5,10.0
Er1 K1 Te2,3,0.0,0.25,0.0,0.5,0.0,0.25,0.5,0.0,0.25,0.0,0.0,1.28,0.5552,0.8,0.3286,4.0,1.5,6.0
Er1 Rb1 S2,3,0.0,0.25,0.0,0.0,0.0,0.25,0.0,0.0,0.25,0.0,0.0,1.76,0.7891,1.35,0.5662,5.0,2.0463,6.0
Er1 Ge2 Mn2,3,0.0,0.0,0.0,0.0,0.0,0.2,0.4,0.0,0.2,0.4,-0.2,0.77,0.2983,0.5,0.1828,4.0,1.6,12.0
Er2 I2 Se2,3,0.0,0.0,0.0,0.3333,0.3333,0.3333,0.0,0.0,0.3333,0.0,0.0,1.42,0.645,0.6,0.2461,4.0,1.6997,6.0
C22 Er14 Ru4,3,0.0,0.0,0.0,0.0,0.0,0.35,0.0,0.0,0.35,0.1,-0.85,1.31,0.6077,1.05,0.489,6.0,2.7821,6.5714285714285712
Er10 Ga6,2,0.0,0.0,0.0,0.0,0.0,0.625,0.0,0.0,0.625,0.0,3.0,0.57,0.276,0.45,0.2179,4.0,1.9365,8.4000000000000004
Co2 Er2 Sn4,3,0.0,0.0,0.0,0.0,0.0,0.25,0.0,0.0,0.25,0.25,-0.75,0.72,0.302,0.4,0.15,4.0,1.5,11.0
Er2 Fe8 Ge4,3,0.0,0.0,0.0,0.0,0.0,0.1429,0.2857,0.0,0.1429,0.5714,0.4286,0.77,0.2406,0.5,0.1545,4.0,1.3997,12.0
Ag2 Er2 Te4,3,0.0,0.0,0.0,0.5,0.0,0.25,0.5,0.0,0.25,0.25,0.0,0.86,0.3547,0.35,0.1474,3.0,1.299,7.0
Er2 Ni2 Si6,3,0.0,0.0,0.0,0.0,0.0,0.2,0.6,0.0,0.2,0.2,-1.4,0.67,0.265,0.65,0.2542,5.0,1.9391,nan
Er3 P4 Pd7,3,0.0,0.0,0.0,0.0,0.0,0.2143,0.0,0.0,0.2143,0.5,0.7857,0.96,0.3924,0.75,0.2654,5.0,1.7511,11.333333333333334
Co4 Er4 Ga4,3,0.0,0.0,0.0,0.0,0.0,0.3333,0.0,0.0,0.3333,0.3333,2.6667,0.64,0.2866,0.45,0.2014,4.0,1.8856,10.0
Er8 Rh4 Si12,3,0.0,0.0,0.0,0.0,0.0,0.3333,0.5,0.0,0.3333,0.1667,-0.5,1.04,0.3804,0.65,0.2907,5.0,2.2361,11.25
C1 Er3 Sn1,3,0.0,0.0,0.0,0.0,0.0,0.6,0.0,0.0,0.6,0.0,0.2,1.31,0.5311,1.05,0.4069,6.0,2.4,6.0
Er4 P4 Pd4,3,0.0,0.0,0.0,0.0,0.0,0.3333,0.0,0.0,0.3333,0.3333,0.6667,0.96,0.4502,0.75,0.3064,5.0,2.0548,9.0
Er6 Zn30,2,0.0,0.0,0.0,0.0,0.0,0.1667,0.0,0.0,0.1667,0.8333,2.1667,0.41,0.1528,0.4,0.1491,4.0,1.4907,11.0
Er4 Ga4 Pd4,3,0.0,0.0,0.0,0.0,0.0,0.3333,0.0,0.0,0.3333,0.3333,2.6667,0.96,0.3942,0.45,0.1929,4.0,1.6997,9.0
Er4 Ru4 Si4,3,0.0,0.0,0.0,0.0,0.0,0.3333,0.3333,0.0,0.3333,0.3333,0.6667,0.96,0.401,0.65,0.2718,5.0,2.0548,11.0
Er6 Ru8 Si24,3,0.0,0.0,0.0,0.0,0.0,0.1579,0.6316,0.0,0.1579,0.2105,-1.4211,0.96,0.2933,0.65,0.2328,5.0,1.8232,12.333333333333334
B2 Er2 Fe8,3,0.0,0.0,0.0,0.0,0.0,0.1667,0.1667,0.0,0.1667,0.6667,2.3333,0.8,0.2477,0.9,0.264,6.0,1.7951,16.0
Er2 Ge2,2,0.0,0.0,0.0,0.0,0.0,0.5,0.5,0.0,0.5,0.0,-0.5,0.77,0.385,0.5,0.25,4.0,2.0,7.0
B8 Cu2 Er4 O20,4,0.0,0.0,0.0,0.5882,0.0,0.1176,0.2353,0.0,0.1176,0.0588,-0.0,2.2,0.8422,1.15,0.3829,6.0,1.9474,7.0
Er8 Pd8 Si8,3,0.0,0.0,0.0,0.0,0.0,0.3333,0.3333,0.0,0.3333,0.3333,0.3333,0.96,0.401,0.65,0.2656,5.0,2.0548,10.0
Er2 Li2 Se4,3,0.0,0.25,0.0,0.5,0.0,0.25,0.0,0.0,0.25,0.0,0.0,1.57,0.7258,0.6,0.2487,6.0,2.1794,6.0
Er10 O27 Ti6,3,0.0,0.0,0.0,0.6279,0.0,0.2326,0.0,0.0,0.2326,0.1395,0.0,2.2,1.0129,1.15,0.5032,6.0,2.4752,5.7999999999999998
Er4 Ge4 Mn4,3,0.0,0.0,0.0,0.0,0.0,0.3333,0.3333,0.0,0.3333,0.3333,0.3333,0.77,0.3163,0.5,0.2095,4.0,1.8856,10.0
Er4 O14 Si4,3,0.0,0.0,0.0,0.6364,0.0,0.1818,0.1818,0.0,0.1818,0.0,-1.4545,2.2,0.9213,1.15,0.4426,6.0,2.26,6.0
Cs2 Er1 F6 Na1,4,0.0,0.3,0.0,0.0,0.6,0.1,0.0,0.0,0.1,0.0,0.0,3.19,1.495,2.1,0.867,6.0,2.1564,6.0
Au1 Er1,2,0.0,0.0,0.0,0.0,0.0,0.5,0.0,0.0,0.5,0.5,3.0,1.3,0.65,0.4,0.2,2.0,1.0,10.0
Cr4 Er12 S24,3,0.0,0.0,0.0,0.0,0.0,0.3,0.0,0.0,0.3,0.1,0.0,1.34,0.6159,0.75,0.3384,5.0,2.245,7.333333333333333
